總編號,發生日期,GPS經度,GPS緯度,道路類別,事故類型及型態,主要肇事因素,死亡,受傷,發生年度,發生月份
DEMO100001,1051221,120.455777,22.652599,2,25,16,0,2,2016,12
DEMO100002,1051103,120.454794,22.651802,2,19,14,1,3,2016,11
DEMO100003,1051121,120.455753,22.651137,2,28,13,0,0,2016,11
DEMO100004,1051010,120.45474,22.651717,2,28,17,1,2,2016,10
DEMO100005,1050212,120.454788,22.652705,2,18,16,0,2,2016,2
DEMO100006,1051207,120.455596,22.652496,2,18,14,0,1,2016,12
DEMO100007,1060620,120.510692,22.658905,2,28,17,0,0,2017,6
DEMO100008,1090418,120.511587,22.65922,2,18,17,0,1,2020,4
DEMO100009,1110718,120.510337,22.660008,2,28,14,0,1,2022,7
DEMO100010,1070708,120.511774,22.660328,2,22,14,0,1,2018,7
DEMO100011,1080424,120.497512,22.65436,2,24,14,0,3,2019,4
DEMO100012,1070801,120.497287,22.65441,2,22,13,0,0,2018,8
DEMO100013,1051019,120.497132,22.653828,2,23,13,0,0,2016,10
DEMO100014,1070428,120.497947,22.65567,2,24,16,0,1,2018,4
DEMO100015,1090124,120.496926,22.654559,2,14,13,0,1,2020,1
DEMO100016,1071014,120.498509,22.654761,2,12,16,0,2,2018,10
DEMO100017,1050815,120.498277,22.654805,2,25,16,0,0,2016,8
DEMO100018,1101104,120.472424,22.677412,2,19,14,0,0,2021,11
DEMO100019,1070807,120.473441,22.676545,2,14,16,0,1,2018,8
DEMO100020,1070128,120.47361,22.67673,2,28,17,0,1,2018,1
DEMO100021,1110901,120.474128,22.676788,2,24,13,0,0,2022,9
DEMO100022,1120508,120.473997,22.67786,2,24,16,0,0,2023,5
DEMO100023,1130222,120.470923,22.685771,2,23,8,0,0,2024,2
DEMO100024,1090307,120.470514,22.685791,2,14,14,0,0,2020,3
DEMO100025,1080502,120.472379,22.685816,2,20,17,0,3,2019,5
DEMO100026,1080521,120.472201,22.685762,2,25,17,1,3,2019,5
DEMO100027,1121127,120.471569,22.685444,2,20,5,0,3,2023,11
DEMO100028,1051201,120.448179,22.673378,2,28,13,0,3,2016,12
DEMO100029,1050704,120.446994,22.673488,2,25,16,0,2,2016,7
DEMO100030,1050508,120.447609,22.672498,2,22,17,0,0,2016,5
DEMO100031,1051023,120.448263,22.673776,2,25,16,0,3,2016,10
DEMO100032,1050501,120.454873,22.639226,2,28,17,0,3,2016,5
DEMO100033,1051016,120.454175,22.638871,2,14,17,0,1,2016,10
DEMO100034,1050304,120.454469,22.639477,2,23,14,0,2,2016,3
DEMO100035,1050418,120.453654,22.640073,2,13,17,0,2,2016,4
DEMO100036,1060814,120.485025,22.640628,2,18,13,0,3,2017,8
DEMO100037,1060816,120.486274,22.640519,2,27,17,0,2,2017,8
DEMO100038,1080222,120.485077,22.640384,2,27,17,0,0,2019,2
DEMO100039,1090301,120.485581,22.640358,2,28,13,0,2,2020,3
DEMO100040,1050412,120.48572,22.640741,2,19,17,0,3,2016,4
DEMO100041,1070921,120.484607,22.641061,2,14,16,1,3,2018,9
DEMO100042,1060803,120.485165,22.639974,2,13,17,0,2,2017,8
DEMO100043,1130618,120.482455,22.619281,2,20,8,0,2,2024,6
DEMO100044,1121108,120.4821,22.619896,2,24,5,0,3,2023,11
DEMO100045,1130803,120.482169,22.618734,2,24,6,0,3,2024,8
DEMO100046,1140320,120.482086,22.619144,2,23,5,0,3,2025,3
DEMO100047,1120928,120.481165,22.619914,2,13,6,0,2,2023,9
DEMO100048,1140922,120.481135,22.619072,2,25,6,0,3,2025,9
DEMO100049,1140605,120.481141,22.618748,2,23,5,0,3,2025,6
DEMO100050,1111213,120.482994,22.619056,2,18,17,0,2,2022,12
DEMO100051,1080519,120.492693,22.69611,2,23,13,0,3,2019,5
DEMO100052,1110123,120.493916,22.694673,2,24,16,0,0,2022,1
DEMO100053,1080922,120.492775,22.694484,2,24,17,0,0,2019,9
DEMO100054,1110305,120.493705,22.695204,2,22,14,0,1,2022,3
DEMO100055,1100814,120.49314,22.695687,2,19,17,0,1,2021,8
DEMO100056,1070326,120.494139,22.695578,2,19,14,0,0,2018,3
DEMO100057,1090122,120.499245,22.705607,2,18,13,0,2,2020,1
DEMO100058,1080424,120.498408,22.706677,2,18,13,0,3,2019,4
DEMO100059,1101127,120.499662,22.704863,2,23,17,0,2,2021,11
DEMO100060,1120611,120.499664,22.705726,2,28,13,0,0,2023,6
DEMO100061,1100813,120.49968,22.705223,2,13,17,0,1,2021,8
DEMO100062,1081126,120.499743,22.704952,2,25,14,0,2,2019,11
DEMO100063,1100824,120.498941,22.705046,2,24,17,0,0,2021,8
DEMO100064,1100303,120.499473,22.705657,2,14,13,0,1,2021,3
DEMO100065,1090105,120.543225,22.692925,2,12,17,0,2,2020,1
DEMO100066,1050417,120.543181,22.692449,2,18,14,0,1,2016,4
DEMO100067,1051109,120.542267,22.692443,2,28,16,0,3,2016,11
DEMO100068,1060321,120.519945,22.702297,2,14,13,0,3,2017,3
DEMO100069,1061016,120.519936,22.702837,2,22,13,0,1,2017,10
DEMO100070,1050403,120.520539,22.703324,2,27,16,0,2,2016,4
DEMO100071,1060406,120.518877,22.702855,2,23,16,0,1,2017,4
DEMO100072,1070405,120.520375,22.701625,2,14,14,0,0,2018,4
DEMO100073,1101025,120.519332,22.702958,2,18,13,0,3,2021,10
DEMO100074,1090507,120.518758,22.702886,2,25,16,0,2,2020,5
DEMO100075,1090920,120.51946,22.701839,2,23,17,0,0,2020,9
DEMO100076,1050728,120.534121,22.713441,2,24,13,0,1,2016,7
DEMO100077,1050113,120.533632,22.71457,2,19,13,0,0,2016,1
DEMO100078,1051120,120.534745,22.713114,2,13,13,0,0,2016,11
DEMO100079,1050522,120.533162,22.71381,2,22,16,0,3,2016,5
DEMO100080,1051128,120.53449,22.711934,2,23,13,0,3,2016,11
DEMO100081,1050128,120.5335,22.712525,2,19,17,1,3,2016,1
DEMO100082,1051201,120.533479,22.711883,2,18,13,0,3,2016,12
DEMO100083,1050518,120.532898,22.71364,2,19,16,0,1,2016,5
DEMO100084,1050423,120.532738,22.713571,2,12,17,0,1,2016,4
DEMO100085,1050125,120.534548,22.712119,2,27,14,0,0,2016,1
DEMO100086,1051221,120.5327,22.711892,2,22,17,0,0,2016,12
DEMO100087,1051123,120.540033,22.71728,2,19,13,0,1,2016,11
DEMO100088,1050714,120.53879,22.715769,2,14,13,0,3,2016,7
DEMO100089,1050202,120.538491,22.71663,2,23,17,0,1,2016,2
DEMO100090,1050812,120.539075,22.716832,2,20,13,1,1,2016,8
DEMO100091,1050523,120.539787,22.716094,2,19,16,0,1,2016,5
DEMO100092,1051028,120.539644,22.717093,2,20,14,0,1,2016,10
DEMO100093,1050902,120.538818,22.716162,2,24,17,0,3,2016,9
DEMO100094,1050504,120.525363,22.651647,2,23,14,0,0,2016,5
DEMO100095,1071006,120.525283,22.651518,2,13,13,0,2,2018,10
DEMO100096,1061123,120.525926,22.651283,2,27,17,0,3,2017,11
DEMO100097,1070103,120.525127,22.651993,2,14,17,0,3,2018,1
DEMO100098,1060721,120.525112,22.650985,2,13,13,0,0,2017,7
DEMO100099,1050509,120.524831,22.651697,2,25,17,0,0,2016,5
DEMO100100,1130825,120.455032,22.606651,2,24,7,0,3,2024,8
DEMO100101,1140717,120.456119,22.60785,2,18,6,0,0,2025,7
DEMO100102,1140524,120.455567,22.607981,2,25,6,0,1,2025,5
DEMO100103,1120827,120.455297,22.607503,2,14,8,0,2,2023,8
DEMO100104,1121226,120.456061,22.607507,2,14,6,0,3,2023,12
DEMO100105,1140925,120.45491,22.606763,2,22,5,0,1,2025,9
DEMO100106,1130704,120.454612,22.607789,2,14,6,0,1,2024,7
DEMO100107,1140415,120.454546,22.607082,2,23,8,0,2,2025,4
DEMO100108,1110102,120.484512,22.61192,2,23,16,0,1,2022,1
DEMO100109,1100921,120.485156,22.611668,2,20,14,0,3,2021,9
DEMO100110,1101123,120.485646,22.61137,2,22,13,0,2,2021,11
DEMO100111,1090502,120.484765,22.613159,2,28,17,0,2,2020,5
DEMO100112,1130225,120.489576,22.597153,2,27,6,0,2,2024,2
DEMO100113,1110122,120.489303,22.596582,2,14,17,0,3,2022,1
DEMO100114,1100106,120.488111,22.596402,2,27,13,0,0,2021,1
DEMO100115,1130124,120.488691,22.596276,2,19,6,0,3,2024,1
DEMO100116,1140405,120.488029,22.597541,2,12,5,0,2,2025,4
DEMO100117,1121205,120.488569,22.596996,2,28,6,1,1,2023,12
DEMO100118,1110912,120.489492,22.598154,2,14,16,0,3,2022,9
DEMO100119,1141111,120.488775,22.597856,2,19,5,0,1,2025,11
DEMO100120,1050504,120.486486,22.590155,2,25,13,0,3,2016,5
DEMO100121,1051119,120.487061,22.589954,2,20,13,0,2,2016,11
DEMO100122,1070914,120.487162,22.58899,2,23,13,0,2,2018,9
DEMO100123,1051019,120.486391,22.590406,2,25,17,0,2,2016,10
DEMO100124,1050604,120.487914,22.589517,2,20,13,0,0,2016,6
DEMO100125,1090722,120.499317,22.59107,2,25,14,0,1,2020,7
DEMO100126,1060615,120.498444,22.592427,2,23,17,0,2,2017,6
DEMO100127,1071004,120.499355,22.591084,2,13,17,0,2,2018,10
DEMO100128,1070627,120.499148,22.591869,2,18,13,0,1,2018,6
DEMO100129,1051015,120.498445,22.591239,2,27,14,0,0,2016,10
DEMO100130,1081111,120.498038,22.590986,2,28,17,0,3,2019,11
DEMO100131,1060626,120.49934,22.59083,2,20,13,0,1,2017,6
DEMO100132,1050205,120.493194,22.58962,2,25,13,0,1,2016,2
DEMO100133,1051023,120.493018,22.589382,2,23,16,0,2,2016,10
DEMO100134,1050825,120.491453,22.589388,2,25,13,0,2,2016,8
DEMO100135,1110807,120.48419,22.579081,2,27,14,0,0,2022,8
DEMO100136,1140922,120.484289,22.577307,2,24,8,0,1,2025,9
DEMO100137,1131111,120.483183,22.577864,2,25,6,0,0,2024,11
DEMO100138,1140720,120.484145,22.579192,2,20,6,0,0,2025,7
DEMO100139,1120723,120.483484,22.57784,2,27,7,0,1,2023,7
DEMO100140,1140316,120.483525,22.577622,2,14,8,0,1,2025,3
DEMO100141,1140819,120.481519,22.575021,2,18,7,0,0,2025,8
DEMO100142,1120410,120.480763,22.575478,2,13,16,0,2,2023,4
DEMO100143,1120108,120.48257,22.575652,2,24,13,0,3,2023,1
DEMO100144,1140622,120.481004,22.574983,2,19,5,0,0,2025,6
DEMO100145,1140524,120.481725,22.575414,2,23,6,0,3,2025,5
DEMO100146,1050123,120.484007,22.56745,2,13,17,0,2,2016,1
DEMO100147,1050604,120.48359,22.568864,2,28,13,0,0,2016,6
DEMO100148,1050103,120.483753,22.567852,2,22,16,0,0,2016,1
DEMO100149,1050802,120.482808,22.568716,2,28,13,0,1,2016,8
DEMO100150,1060524,120.483645,22.567448,2,22,16,0,0,2017,5
DEMO100151,1050808,120.483088,22.568193,2,24,14,0,1,2016,8
DEMO100152,1140913,120.467424,22.585573,2,22,6,0,1,2025,9
DEMO100153,1140406,120.467583,22.58384,2,12,6,0,1,2025,4
DEMO100154,1130225,120.467413,22.584017,2,20,7,0,1,2024,2
DEMO100155,1141010,120.466955,22.584934,2,12,5,0,3,2025,10
DEMO100156,1110128,120.467296,22.584448,2,27,14,0,0,2022,1
DEMO100157,1120811,120.46696,22.584095,2,27,8,0,0,2023,8
DEMO100158,1140502,120.467197,22.584825,2,23,7,0,0,2025,5
DEMO100159,1120719,120.466722,22.584144,2,18,7,0,1,2023,7
DEMO100160,1050102,120.488266,22.70758,2,24,13,0,0,2016,1
DEMO100161,1050525,120.487898,22.708322,2,14,16,0,0,2016,5
DEMO100162,1051119,120.487077,22.708847,2,28,13,0,0,2016,11
DEMO100163,1050617,120.487346,22.708812,2,28,16,0,3,2016,6
DEMO100164,1050908,120.488589,22.70819,2,13,13,0,2,2016,9
DEMO100165,1140510,120.489462,22.719119,2,22,8,1,1,2025,5
DEMO100166,1120815,120.488623,22.719062,2,22,5,0,3,2023,8
DEMO100167,1140903,120.487718,22.718075,2,27,6,0,0,2025,9
DEMO100168,1140613,120.488787,22.71796,2,14,6,0,3,2025,6
DEMO100169,1140915,120.488369,22.71804,2,12,8,0,1,2025,9
DEMO100170,1141212,120.489914,22.736583,2,13,6,0,1,2025,12
DEMO100171,1120713,120.490419,22.735543,2,14,6,0,1,2023,7
DEMO100172,1140821,120.489139,22.737077,2,24,8,0,3,2025,8
DEMO100173,1051201,120.494273,22.769759,2,12,14,0,1,2016,12
DEMO100174,1050105,120.49333,22.770629,2,12,13,0,2,2016,1
DEMO100175,1050312,120.493592,22.769692,2,25,16,0,0,2016,3
DEMO100176,1090214,120.498228,22.77919,2,27,17,0,1,2020,2
DEMO100177,1081008,120.497385,22.779207,2,20,17,0,0,2019,10
DEMO100178,1080826,120.497292,22.777319,2,12,13,1,3,2019,8
DEMO100179,1071023,120.497751,22.777341,2,24,13,0,1,2018,10
DEMO100180,1061018,120.498101,22.777745,2,12,14,0,3,2017,10
DEMO100181,1091204,120.497184,22.802948,2,19,14,0,0,2020,12
DEMO100182,1060409,120.497517,22.803046,2,24,16,0,1,2017,4
DEMO100183,1050411,120.498354,22.80381,2,13,16,0,2,2016,4
DEMO100184,1071126,120.496745,22.803891,2,20,14,1,3,2018,11
DEMO100185,1070313,120.498102,22.802652,2,14,17,0,3,2018,3
DEMO100186,1050106,120.506831,22.817612,2,14,17,0,3,2016,1
DEMO100187,1050913,120.507444,22.817618,2,24,16,0,3,2016,9
DEMO100188,1051105,120.50698,22.817388,2,25,16,0,2,2016,11
DEMO100189,1050907,120.507395,22.816141,2,13,16,0,1,2016,9
DEMO100190,1070814,120.515873,22.776072,2,12,16,0,3,2018,8
DEMO100191,1090616,120.515378,22.777327,2,14,14,0,1,2020,6
DEMO100192,1081128,120.515722,22.777739,2,19,16,0,3,2019,11
DEMO100193,1120327,120.515206,22.777601,2,12,17,0,0,2023,3
DEMO100194,1100914,120.516022,22.776751,2,28,17,0,2,2021,9
DEMO100195,1081211,120.516047,22.776826,2,20,13,0,3,2019,12
DEMO100196,1080902,120.516399,22.777426,2,13,14,1,0,2019,9
DEMO100197,1060411,120.55439,22.748676,2,13,17,0,3,2017,4
DEMO100198,1080728,120.554796,22.748896,2,19,13,0,0,2019,7
DEMO100199,1080805,120.554764,22.749144,2,27,16,0,3,2019,8
DEMO100200,1061017,120.554936,22.749841,2,23,13,0,2,2017,10
DEMO100201,1081114,120.55443,22.749435,2,12,13,0,3,2019,11
DEMO100202,1061012,120.586666,22.713161,2,23,13,0,2,2017,10
DEMO100203,1120617,120.585347,22.712563,2,28,14,0,0,2023,6
DEMO100204,1111022,120.585377,22.712622,2,19,14,0,3,2022,10
DEMO100205,1120721,120.585842,22.713608,2,13,6,0,2,2023,7
DEMO100206,1090428,120.58642,22.712953,2,24,14,0,1,2020,4
DEMO100207,1070915,120.59838,22.71848,2,20,17,0,3,2018,9
DEMO100208,1050101,120.598862,22.719548,2,24,13,0,0,2016,1
DEMO100209,1090506,120.599819,22.718712,2,25,16,0,1,2020,5
DEMO100210,1070717,120.599813,22.718078,2,27,17,0,2,2018,7
DEMO100211,1060709,120.598233,22.719868,2,28,14,0,1,2017,7
DEMO100212,1120111,120.582277,22.761226,2,18,17,0,1,2023,1
DEMO100213,1141128,120.581579,22.761834,2,27,6,0,3,2025,11
DEMO100214,1140319,120.581168,22.760866,2,14,6,1,3,2025,3
DEMO100215,1141123,120.582163,22.762291,2,14,8,0,1,2025,11
DEMO100216,1140209,120.582112,22.761004,2,14,7,0,2,2025,2
DEMO100217,1140915,120.582034,22.760691,2,22,5,0,1,2025,9
DEMO100218,1080705,120.644346,22.871734,2,28,17,0,3,2019,7
DEMO100219,1110209,120.643902,22.871336,2,25,17,0,3,2022,2
DEMO100220,1091106,120.644104,22.871444,2,25,16,1,1,2020,11
DEMO100221,1080508,120.644717,22.87067,2,12,13,0,3,2019,5
DEMO100222,1100512,120.643703,22.871453,2,13,14,0,0,2021,5
DEMO100223,1111115,120.64303,22.871123,2,23,14,0,3,2022,11
DEMO100224,1090302,120.644078,22.870576,2,19,16,0,0,2020,3
DEMO100225,1121111,120.60792,22.703895,2,14,6,0,3,2023,11
DEMO100226,1090105,120.608698,22.702629,2,23,17,0,0,2020,1
DEMO100227,1110425,120.608163,22.702674,2,19,16,0,3,2022,4
DEMO100228,1120824,120.608607,22.703643,2,20,8,0,0,2023,8
DEMO100229,1140105,120.607726,22.703928,2,25,8,0,2,2025,1
DEMO100230,1131105,120.608107,22.702315,2,12,5,0,3,2024,11
DEMO100231,1070602,120.631216,22.662271,2,13,13,1,2,2018,6
DEMO100232,1080123,120.63133,22.662342,2,20,17,0,3,2019,1
DEMO100233,1080110,120.630686,22.661598,2,22,17,0,0,2019,1
DEMO100234,1050415,120.630609,22.662656,2,13,14,0,2,2016,4
DEMO100235,1100926,120.629676,22.652778,2,23,17,0,2,2021,9
DEMO100236,1120101,120.630789,22.654122,2,19,16,0,0,2023,1
DEMO100237,1140806,120.62914,22.654059,2,24,7,0,0,2025,8
DEMO100238,1111109,120.630669,22.654308,2,18,16,0,1,2022,11
DEMO100239,1120709,120.553034,22.625883,2,14,7,0,0,2023,7
DEMO100240,1120901,120.551423,22.626096,2,25,8,0,0,2023,9
DEMO100241,1140317,120.551944,22.626104,2,12,8,0,1,2025,3
DEMO100242,1141214,120.551329,22.626214,2,14,5,0,3,2025,12
DEMO100243,1130825,120.552221,22.625965,2,19,8,0,0,2024,8
DEMO100244,1140116,120.551675,22.62596,2,20,7,0,3,2025,1
DEMO100245,1130511,120.553094,22.625043,2,19,7,0,0,2024,5
DEMO100246,1140221,120.552492,22.625767,2,20,5,0,1,2025,2
DEMO100247,1050615,120.559962,22.608613,2,14,17,0,1,2016,6
DEMO100248,1060413,120.559948,22.608999,2,25,17,0,2,2017,4
DEMO100249,1050613,120.558973,22.609286,2,22,16,0,0,2016,6
DEMO100250,1050320,120.559862,22.60808,2,20,17,0,0,2016,3
DEMO100251,1060227,120.559474,22.60862,2,22,13,0,0,2017,2
DEMO100252,1051215,120.560495,22.608023,2,23,14,0,0,2016,12
DEMO100253,1060426,120.560539,22.609107,2,19,16,0,3,2017,4
DEMO100254,1050819,120.560401,22.59975,2,25,17,0,1,2016,8
DEMO100255,1051123,120.559005,22.598877,2,12,13,0,0,2016,11
DEMO100256,1051011,120.559983,22.599621,2,24,14,0,0,2016,10
DEMO100257,1070603,120.558816,22.598691,2,19,16,0,1,2018,6
DEMO100258,1050228,120.559555,22.599842,2,14,14,0,1,2016,2
DEMO100259,1111208,120.609856,22.691451,2,12,13,0,0,2022,12
DEMO100260,1120507,120.608692,22.690359,2,12,17,0,3,2023,5
DEMO100261,1100908,120.609646,22.690373,2,23,14,0,1,2021,9
DEMO100262,1141002,120.608507,22.69082,2,28,7,0,0,2025,10
DEMO100263,1120222,120.560053,22.584228,2,25,17,1,0,2023,2
DEMO100264,1140116,120.559862,22.584808,2,24,6,0,3,2025,1
DEMO100265,1110916,120.559287,22.584628,2,22,14,0,3,2022,9
DEMO100266,1141125,120.558632,22.584772,2,19,6,0,1,2025,11
DEMO100267,1140321,120.55877,22.584809,2,28,8,0,1,2025,3
DEMO100268,1141209,120.584814,22.636547,2,13,5,0,0,2025,12
DEMO100269,1140823,120.585761,22.637592,2,18,6,0,1,2025,8
DEMO100270,1140605,120.586581,22.636935,2,25,8,0,0,2025,6
DEMO100271,1140524,120.584975,22.637576,2,20,6,0,2,2025,5
DEMO100272,1130303,120.585351,22.636103,2,27,6,0,1,2024,3
DEMO100273,1120425,120.586657,22.637087,2,24,14,0,0,2023,4
DEMO100274,1141214,120.586588,22.636915,2,18,5,0,0,2025,12
DEMO100275,1110721,120.363573,22.361215,2,18,14,0,3,2022,7
DEMO100276,1111214,120.36344,22.362033,2,13,17,0,2,2022,12
DEMO100277,1110128,120.364562,22.360912,2,14,16,0,0,2022,1
DEMO100278,1110111,120.364842,22.3614,2,23,14,0,2,2022,1
DEMO100279,1141228,120.363758,22.360764,2,14,6,0,3,2025,12
DEMO100280,1140317,120.363405,22.361499,2,22,5,0,0,2025,3
DEMO100281,1140105,120.364528,22.361534,2,14,8,0,3,2025,1
DEMO100282,1110423,120.364243,22.360834,2,27,14,0,1,2022,4
DEMO100283,1080305,120.620944,22.597792,2,19,13,0,0,2019,3
DEMO100284,1080904,120.621375,22.599121,2,14,13,0,2,2019,9
DEMO100285,1090721,120.620332,22.599207,2,18,14,0,3,2020,7
DEMO100286,1090406,120.620898,22.59847,2,19,14,1,0,2020,4
DEMO100287,1050909,120.621334,22.599092,2,13,13,0,0,2016,9
DEMO100288,1091208,120.619982,22.599379,2,28,13,0,1,2020,12
DEMO100289,1090115,120.620196,22.598418,2,28,13,0,0,2020,1
DEMO100290,1120213,120.539855,22.570503,2,24,17,0,0,2023,2
DEMO100291,1130617,120.539788,22.568669,2,18,5,0,1,2024,6
DEMO100292,1141015,120.540568,22.570509,2,22,7,0,2,2025,10
DEMO100293,1120210,120.539992,22.568723,2,28,14,0,3,2023,2
DEMO100294,1141215,120.541182,22.569775,2,14,6,0,1,2025,12
DEMO100295,1100218,120.587329,22.543134,2,19,14,0,2,2021,2
DEMO100296,1090516,120.58774,22.54305,2,28,17,0,1,2020,5
DEMO100297,1090709,120.586457,22.543702,2,23,13,0,3,2020,7
DEMO100298,1070620,120.586557,22.542173,2,28,13,0,1,2018,6
DEMO100299,1070823,120.585805,22.543831,2,12,16,0,2,2018,8
DEMO100300,1060908,120.586284,22.543356,2,23,14,0,2,2017,9
DEMO100301,1050911,120.547791,22.581727,2,20,13,0,0,2016,9
DEMO100302,1080327,120.548013,22.58135,2,14,14,0,3,2019,3
DEMO100303,1081201,120.549149,22.582171,2,14,17,0,2,2019,12
DEMO100304,1051205,120.547986,22.581275,2,23,16,0,3,2016,12
DEMO100305,1050201,120.549307,22.58257,2,23,17,0,3,2016,2
DEMO100306,1050921,120.549283,22.581495,2,22,17,0,1,2016,9
DEMO100307,1050222,120.55552,22.552695,2,25,14,0,3,2016,2
DEMO100308,1051221,120.55626,22.552023,2,18,13,0,2,2016,12
DEMO100309,1061204,120.556453,22.552559,2,18,16,0,3,2017,12
DEMO100310,1051008,120.544023,22.537629,2,19,16,0,1,2016,10
DEMO100311,1051217,120.543548,22.538434,2,22,16,0,1,2016,12
DEMO100312,1050223,120.544284,22.537054,2,18,17,0,3,2016,2
DEMO100313,1051128,120.54419,22.538456,2,14,17,0,1,2016,11
DEMO100314,1051026,120.543135,22.538237,2,19,14,0,3,2016,10
DEMO100315,1051117,120.543878,22.537593,2,12,16,0,3,2016,11
DEMO100316,1050311,120.542962,22.538449,2,28,13,0,0,2016,3
DEMO100317,1050327,120.543679,22.538118,2,20,16,1,3,2016,3
DEMO100318,1140325,120.519127,22.54186,2,25,8,0,0,2025,3
DEMO100319,1140417,120.519048,22.541131,2,14,7,0,1,2025,4
DEMO100320,1140305,120.519352,22.54041,2,12,8,0,3,2025,3
DEMO100321,1111007,120.518613,22.540226,2,13,16,0,3,2022,10
DEMO100322,1141214,120.519106,22.54149,2,28,8,0,2,2025,12
DEMO100323,1131224,120.519222,22.541586,2,25,8,0,3,2024,12
DEMO100324,1120824,120.518459,22.540224,2,20,6,0,0,2023,8
DEMO100325,1140304,120.519461,22.539804,2,27,8,0,1,2025,3
DEMO100326,1140801,120.519032,22.540365,2,22,7,0,2,2025,8
DEMO100327,1130224,120.517952,22.541001,2,22,7,0,1,2024,2
DEMO100328,1140305,120.518746,22.540193,2,19,6,0,2,2025,3
DEMO100329,1051225,120.509509,22.579102,2,24,13,0,0,2016,12
DEMO100330,1051122,120.509578,22.578927,2,12,16,0,0,2016,11
DEMO100331,1050709,120.509582,22.579233,2,20,16,0,1,2016,7
DEMO100332,1050510,120.50929,22.579342,2,19,13,0,3,2016,5
DEMO100333,1101007,120.529505,22.563897,2,28,14,0,3,2021,10
DEMO100334,1111119,120.528391,22.563684,2,12,16,0,2,2022,11
DEMO100335,1120314,120.529911,22.564062,2,20,17,0,3,2023,3
DEMO100336,1090527,120.57282,22.503966,2,24,13,0,3,2020,5
DEMO100337,1100424,120.573044,22.503697,2,14,14,0,0,2021,4
DEMO100338,1110620,120.572282,22.505239,2,24,16,0,2,2022,6
DEMO100339,1090310,120.573052,22.505572,2,23,17,0,0,2020,3
DEMO100340,1121009,120.572655,22.504912,2,23,7,0,3,2023,10
DEMO100341,1081016,120.572892,22.505229,2,14,16,0,2,2019,10
DEMO100342,1080423,120.573467,22.503924,2,23,17,0,3,2019,4
DEMO100343,1100709,120.551277,22.471104,2,27,17,0,3,2021,7
DEMO100344,1100913,120.552627,22.470477,2,18,14,1,1,2021,9
DEMO100345,1110305,120.551505,22.469831,2,14,13,0,0,2022,3
DEMO100346,1090503,120.552296,22.469926,2,28,13,0,3,2020,5
DEMO100347,1131212,120.552487,22.469728,2,27,5,0,3,2024,12
DEMO100348,1050212,120.548995,22.487359,2,25,17,0,3,2016,2
DEMO100349,1061020,120.550019,22.487051,2,24,14,0,1,2017,10
DEMO100350,1071122,120.549865,22.488152,2,19,13,0,1,2018,11
DEMO100351,1050302,120.550325,22.488118,2,14,14,0,3,2016,3
DEMO100352,1050728,120.54973,22.487184,2,23,13,0,3,2016,7
DEMO100353,1051215,120.549653,22.488238,2,19,14,0,0,2016,12
DEMO100354,1060507,120.601353,22.513563,2,14,13,0,2,2017,5
DEMO100355,1061127,120.600568,22.5135,2,13,16,0,1,2017,11
DEMO100356,1100203,120.6005,22.512449,2,27,16,0,0,2021,2
DEMO100357,1061016,120.60089,22.51174,2,14,13,1,2,2017,10
DEMO100358,1080907,120.601555,22.513296,2,24,14,0,2,2019,9
DEMO100359,1060224,120.601112,22.512956,2,19,14,0,3,2017,2
DEMO100360,1070924,120.600574,22.511778,2,24,17,0,0,2018,9
DEMO100361,1090504,120.608643,22.46871,2,18,16,0,1,2020,5
DEMO100362,1090524,120.609526,22.468436,2,22,16,0,1,2020,5
DEMO100363,1081111,120.609779,22.467319,2,13,17,0,0,2019,11
DEMO100364,1110712,120.608317,22.468913,2,19,13,0,0,2022,7
DEMO100365,1110508,120.608255,22.468987,2,22,13,0,3,2022,5
DEMO100366,1051126,120.52264,22.570897,2,20,17,0,2,2016,11
DEMO100367,1050704,120.522661,22.570927,2,22,16,0,3,2016,7
DEMO100368,1051024,120.52254,22.570324,2,27,14,0,0,2016,10
DEMO100369,1050518,120.522309,22.570163,2,28,13,0,2,2016,5
DEMO100370,1050925,120.522051,22.569903,2,12,13,0,1,2016,9
DEMO100371,1051217,120.522993,22.56991,2,20,13,0,0,2016,12
DEMO100372,1050721,120.522209,22.569422,2,12,13,0,1,2016,7
DEMO100373,1050124,120.522358,22.571213,2,12,13,0,3,2016,1
DEMO100374,1050907,120.522267,22.57014,2,27,13,0,2,2016,9
DEMO100375,1050508,120.52184,22.569674,2,14,17,0,3,2016,5
DEMO100376,1050516,120.522919,22.569641,2,25,13,1,1,2016,5
DEMO100377,1050223,120.52302,22.570851,2,22,14,0,3,2016,2
DEMO100378,1050104,120.52295,22.569354,2,19,14,0,3,2016,1
DEMO100379,1050709,120.522676,22.570926,2,13,16,0,0,2016,7
DEMO100380,1050214,120.52287,22.570901,2,14,14,0,0,2016,2
DEMO100381,1060906,120.518844,22.520193,2,23,16,0,0,2017,9
DEMO100382,1111223,120.519344,22.519507,2,25,13,0,1,2022,12
DEMO100383,1080624,120.519617,22.519603,2,20,13,0,1,2019,6
DEMO100384,1100423,120.520204,22.519725,2,19,13,0,1,2021,4
DEMO100385,1120203,120.519393,22.520514,2,28,17,0,2,2023,2
DEMO100386,1090326,120.518698,22.520696,2,24,16,0,3,2020,3
DEMO100387,1060305,120.495806,22.501581,2,18,16,0,0,2017,3
DEMO100388,1060410,120.495446,22.500867,2,13,17,0,2,2017,4
DEMO100389,1051017,120.495526,22.502141,2,20,13,0,3,2016,10
DEMO100390,1141104,120.466753,22.551797,2,13,5,0,3,2025,11
DEMO100391,1140304,120.467025,22.551701,2,27,6,0,2,2025,3
DEMO100392,1140806,120.465846,22.550957,2,19,7,0,0,2025,8
DEMO100393,1140523,120.466741,22.551378,2,18,6,1,0,2025,5
DEMO100394,1090413,120.442851,22.513695,2,20,17,0,0,2020,4
DEMO100395,1120427,120.443631,22.513546,2,14,16,0,1,2023,4
DEMO100396,1110912,120.443194,22.51287,2,28,13,0,3,2022,9
DEMO100397,1050515,120.462197,22.524633,2,27,14,0,0,2016,5
DEMO100398,1050426,120.463855,22.525228,2,19,16,0,3,2016,4
DEMO100399,1050422,120.461946,22.524418,2,27,16,0,2,2016,4
DEMO100400,1050122,120.462574,22.524384,2,22,16,0,0,2016,1
DEMO100401,1050406,120.463229,22.524401,2,14,13,0,3,2016,4
DEMO100402,1140126,120.462103,22.510826,2,20,8,0,1,2025,1
DEMO100403,1141025,120.46266,22.509872,2,13,7,0,0,2025,10
DEMO100404,1140915,120.463097,22.509914,2,18,7,0,2,2025,9
DEMO100405,1140317,120.461537,22.509318,2,12,5,0,3,2025,3
DEMO100406,1140505,120.461261,22.510866,2,22,5,0,3,2025,5
DEMO100407,1140122,120.462995,22.50916,2,25,6,0,0,2025,1
DEMO100408,1110325,120.441026,22.497336,2,14,14,1,3,2022,3
DEMO100409,1090107,120.441406,22.496958,2,12,16,0,0,2020,1
DEMO100410,1070305,120.440898,22.497064,2,24,17,0,3,2018,3
DEMO100411,1080609,120.440817,22.496987,2,18,14,0,1,2019,6
DEMO100412,1070928,120.440029,22.497876,2,13,13,0,2,2018,9
DEMO100413,1091117,120.440462,22.497377,2,13,16,0,3,2020,11
DEMO100414,1050424,120.477974,22.49087,2,28,16,0,2,2016,4
DEMO100415,1061027,120.479481,22.492582,2,22,14,0,0,2017,10
DEMO100416,1050421,120.478972,22.491163,2,19,16,0,0,2016,4
DEMO100417,1050210,120.47812,22.492501,2,18,14,0,3,2016,2
DEMO100418,1060528,120.479148,22.491777,2,18,14,0,2,2017,5
DEMO100419,1070223,120.478979,22.491764,2,13,17,0,2,2018,2
DEMO100420,1060415,120.478443,22.490992,2,12,13,0,1,2017,4
DEMO100421,1060508,120.479304,22.491911,2,20,13,0,0,2017,5
DEMO100422,1130109,120.457534,22.481408,2,13,7,0,3,2024,1
DEMO100423,1140706,120.457486,22.481641,2,23,8,1,0,2025,7
DEMO100424,1131101,120.455904,22.47984,2,27,8,0,2,2024,11
DEMO100425,1130311,120.455681,22.480089,2,19,5,1,3,2024,3
DEMO100426,1130709,120.455931,22.481107,2,18,5,0,3,2024,7
DEMO100427,1140607,120.457671,22.479965,2,24,8,0,3,2025,6
DEMO100428,1140509,120.45609,22.480492,2,13,5,0,3,2025,5
DEMO100429,1141224,120.454906,22.487492,2,12,6,0,2,2025,12
DEMO100430,1120207,120.455698,22.486768,2,13,17,0,1,2023,2
DEMO100431,1141222,120.455772,22.486967,2,18,5,0,2,2025,12
DEMO100432,1141210,120.455218,22.486293,2,28,5,0,1,2025,12
DEMO100433,1110822,120.48988,22.455013,2,18,13,0,2,2022,8
DEMO100434,1121112,120.490382,22.454,2,18,6,0,2,2023,11
DEMO100435,1141120,120.491151,22.453274,2,28,7,0,0,2025,11
DEMO100436,1130922,120.490439,22.455143,2,25,5,0,1,2024,9
DEMO100437,1120121,120.490131,22.453554,2,12,13,0,2,2023,1
DEMO100438,1121016,120.490092,22.453934,2,19,7,0,2,2023,10
DEMO100439,1140211,120.491155,22.454542,2,12,8,0,3,2025,2
DEMO100440,1111008,120.490312,22.453987,2,24,16,0,1,2022,10
DEMO100441,1051226,120.481876,22.456015,2,25,17,1,2,2016,12
DEMO100442,1050611,120.482499,22.457879,2,28,16,0,0,2016,6
DEMO100443,1050126,120.48138,22.456288,2,25,13,0,2,2016,1
DEMO100444,1051215,120.481223,22.457518,2,28,16,0,0,2016,12
DEMO100445,1051028,120.481619,22.457731,2,24,13,0,1,2016,10
DEMO100446,1050809,120.481224,22.455912,2,23,16,0,1,2016,8
DEMO100447,1051226,120.470354,22.439523,2,19,13,0,1,2016,12
DEMO100448,1050913,120.470909,22.439958,2,14,16,0,0,2016,9
DEMO100449,1050817,120.470258,22.440834,2,27,17,0,2,2016,8
DEMO100450,1050416,120.470079,22.440357,2,14,17,0,3,2016,4
DEMO100451,1051005,120.470718,22.441001,2,13,13,0,2,2016,10
DEMO100452,1050504,120.469723,22.439065,2,14,17,0,0,2016,5
DEMO100453,1050502,120.471182,22.440959,2,23,16,0,3,2016,5
DEMO100454,1050411,120.470841,22.439659,2,12,16,0,3,2016,4
DEMO100455,1050805,120.494052,22.441693,2,18,14,0,3,2016,8
DEMO100456,1050528,120.493613,22.442305,2,13,17,0,3,2016,5
DEMO100457,1050612,120.4927,22.441552,2,25,13,0,1,2016,6
DEMO100458,1051225,120.493305,22.442534,2,22,13,0,3,2016,12
DEMO100459,1121118,120.536777,22.499625,2,18,5,0,0,2023,11
DEMO100460,1110726,120.535985,22.499101,2,18,14,0,1,2022,7
DEMO100461,1111126,120.536948,22.499292,2,12,13,0,3,2022,11
DEMO100462,1140311,120.535833,22.499689,2,14,8,0,3,2025,3
DEMO100463,1140607,120.536786,22.498353,2,22,7,0,3,2025,6
DEMO100464,1130510,120.53607,22.499314,2,13,8,0,0,2024,5
DEMO100465,1120928,120.529165,22.489776,2,24,6,0,1,2023,9
DEMO100466,1140615,120.530456,22.489602,2,27,8,0,0,2025,6
DEMO100467,1101110,120.530027,22.490136,2,14,17,0,0,2021,11
DEMO100468,1131221,120.490387,22.485105,2,24,6,0,0,2024,12
DEMO100469,1121210,120.489945,22.484979,2,22,8,0,0,2023,12
DEMO100470,1120622,120.49043,22.484715,2,18,16,1,1,2023,6
DEMO100471,1110805,120.491286,22.485536,2,22,13,0,1,2022,8
DEMO100472,1100619,120.490473,22.48568,2,24,14,0,2,2021,6
DEMO100473,1090724,120.491821,22.485066,2,19,14,0,3,2020,7
DEMO100474,1101010,120.491144,22.484412,2,27,14,0,1,2021,10
DEMO100475,1051104,120.529201,22.489896,2,18,17,0,2,2016,11
DEMO100476,1051125,120.530181,22.488844,2,18,16,1,2,2016,11
DEMO100477,1050927,120.530318,22.490033,2,12,14,0,1,2016,9
DEMO100478,1050809,120.56458,22.409224,2,20,13,0,3,2016,8
DEMO100479,1060412,120.563172,22.408914,2,22,17,0,0,2017,4
DEMO100480,1051104,120.563618,22.409002,2,12,14,0,3,2016,11
DEMO100481,1051214,120.563106,22.410271,2,22,14,0,2,2016,12
DEMO100482,1060408,120.563859,22.410088,2,19,16,0,2,2017,4
DEMO100483,1070703,120.563822,22.408913,2,28,16,0,2,2018,7
DEMO100484,1071112,120.564588,22.408991,2,13,16,0,2,2018,11
DEMO100485,1090823,120.606493,22.419927,2,13,16,0,2,2020,8
DEMO100486,1101228,120.606156,22.419921,2,12,13,0,0,2021,12
DEMO100487,1060506,120.605514,22.420132,2,19,13,0,1,2017,5
DEMO100488,1060318,120.558571,22.446466,2,24,17,0,0,2017,3
DEMO100489,1050404,120.558578,22.445309,2,18,13,0,2,2016,4
DEMO100490,1050724,120.558666,22.44646,2,23,17,0,1,2016,7
DEMO100491,1060310,120.560263,22.444921,2,13,13,1,0,2017,3
DEMO100492,1050617,120.560392,22.446009,2,12,16,0,2,2016,6
DEMO100493,1051216,120.559645,22.445932,2,28,14,0,1,2016,12
DEMO100494,1050427,120.560371,22.446105,2,20,13,0,0,2016,4
DEMO100495,1090521,120.573867,22.430958,2,20,14,1,2,2020,5
DEMO100496,1071106,120.573602,22.430943,2,27,13,0,3,2018,11
DEMO100497,1060125,120.572479,22.43039,2,19,14,0,1,2017,1
DEMO100498,1050904,120.574353,22.430055,2,24,14,0,0,2016,9
DEMO100499,1071209,120.572506,22.431208,2,14,17,1,3,2018,12
DEMO100500,1060706,120.573926,22.431276,2,20,17,0,1,2017,7
DEMO100501,1051228,120.573961,22.430696,2,18,16,0,0,2016,12
DEMO100502,1050411,120.573352,22.432035,2,24,13,0,3,2016,4
DEMO100503,1051215,120.590926,22.393857,2,18,17,0,2,2016,12
DEMO100504,1050816,120.591455,22.39349,2,23,14,0,1,2016,8
DEMO100505,1050518,120.592208,22.394671,2,22,14,0,1,2016,5
DEMO100506,1060413,120.59151,22.394445,2,14,17,0,0,2017,4
DEMO100507,1050919,120.59125,22.395433,2,25,14,0,0,2016,9
DEMO100508,1060128,120.591912,22.394535,2,20,13,0,1,2017,1
DEMO100509,1060226,120.592318,22.394367,2,27,16,0,1,2017,2
DEMO100510,1060502,120.625075,22.325385,2,20,16,0,1,2017,5
DEMO100511,1050611,120.624049,22.325698,2,23,14,0,2,2016,6
DEMO100512,1080118,120.624567,22.326522,2,12,13,0,0,2019,1
DEMO100513,1060818,120.624326,22.325237,2,14,16,0,3,2017,8
DEMO100514,1051204,120.624897,22.326708,2,28,17,0,1,2016,12
DEMO100515,1100226,120.625076,22.32581,2,23,17,0,2,2021,2
DEMO100516,1061114,120.6446,22.300907,2,12,14,0,2,2017,11
DEMO100517,1081209,120.643236,22.299638,2,14,14,0,2,2019,12
DEMO100518,1070523,120.64316,22.300719,2,28,13,0,2,2018,5
DEMO100519,1091215,120.643601,22.299028,2,22,13,0,1,2020,12
DEMO100520,1070817,120.643542,22.29998,2,23,16,0,0,2018,8
DEMO100521,1050922,120.644237,22.300031,2,12,13,0,3,2016,9
DEMO100522,1050915,120.644554,22.299484,2,14,17,0,0,2016,9
DEMO100523,1070223,120.643196,22.299623,2,20,16,0,1,2018,2
DEMO100524,1050815,120.689076,22.202066,2,12,13,0,1,2016,8
DEMO100525,1060418,120.68798,22.20234,2,14,14,0,0,2017,4
DEMO100526,1071117,120.688419,22.201898,2,22,13,0,1,2018,11
DEMO100527,1060117,120.688181,22.201062,2,22,16,0,2,2017,1
DEMO100528,1050411,120.687995,22.200869,2,27,13,0,2,2016,4
DEMO100529,1060128,120.688927,22.201277,2,24,17,0,0,2017,1
DEMO100530,1070419,120.688227,22.202505,2,14,17,0,2,2018,4
DEMO100531,1090509,120.688059,22.2012,2,14,13,0,1,2020,5
DEMO100532,1081002,120.803112,22.234201,2,23,17,0,3,2019,10
DEMO100533,1090717,120.802179,22.235656,2,13,13,0,0,2020,7
DEMO100534,1100519,120.803794,22.234633,2,20,16,0,3,2021,5
DEMO100535,1091020,120.801953,22.234909,2,25,16,0,3,2020,10
DEMO100536,1091217,120.801833,22.234605,2,28,13,0,1,2020,12
DEMO100537,1061104,120.803362,22.235267,2,24,17,0,0,2017,11
DEMO100538,1090820,120.802858,22.23487,2,14,13,0,3,2020,8
DEMO100539,1050728,120.803242,22.234943,2,25,14,0,2,2016,7
DEMO100540,1110110,120.810316,22.245468,2,25,17,0,2,2022,1
DEMO100541,1101025,120.809992,22.244324,2,27,17,0,1,2021,10
DEMO100542,1060118,120.811266,22.244933,2,14,17,0,1,2017,1
DEMO100543,1110106,120.811367,22.244781,2,14,13,0,1,2022,1
DEMO100544,1080321,120.8099,22.244976,2,27,14,0,1,2019,3
DEMO100545,1060323,120.814344,22.24631,2,20,16,0,1,2017,3
DEMO100546,1080308,120.814418,22.245417,2,19,13,0,1,2019,3
DEMO100547,1060428,120.81385,22.246457,2,13,17,0,0,2017,4
DEMO100548,1080407,120.814816,22.246456,2,20,17,0,3,2019,4
DEMO100549,1090116,120.804069,22.237661,2,18,16,0,0,2020,1
DEMO100550,1110613,120.80394,22.23786,2,14,16,0,3,2022,6
DEMO100551,1101021,120.803266,22.236507,2,20,16,0,2,2021,10
DEMO100552,1090114,120.802604,22.236871,2,13,17,0,3,2020,1
DEMO100553,1100903,120.802522,22.237921,2,19,16,0,1,2021,9
DEMO100554,1130111,120.79611,22.223335,2,25,6,0,0,2024,1
DEMO100555,1130611,120.795406,22.222548,2,13,6,0,0,2024,6
DEMO100556,1130312,120.796214,22.222293,2,18,6,0,1,2024,3
DEMO100557,1140211,120.796378,22.22254,2,13,5,0,1,2025,2
DEMO100558,1130312,120.795694,22.223237,2,22,5,0,2,2024,3
DEMO100559,1130407,120.745344,22.20372,2,12,8,0,3,2024,4
DEMO100560,1110914,120.744131,22.204329,2,18,14,0,0,2022,9
DEMO100561,1081108,120.745266,22.204569,2,18,14,1,2,2019,11
DEMO100562,1141205,120.695354,22.207178,2,20,5,0,1,2025,12
DEMO100563,1141011,120.695543,22.20756,2,18,6,0,3,2025,10
DEMO100564,1140116,120.694839,22.208205,2,27,6,0,0,2025,1
DEMO100565,1130921,120.696329,22.207741,2,23,7,0,0,2024,9
DEMO100566,1140308,120.696371,22.206434,2,19,7,0,3,2025,3
DEMO100567,1120617,120.695072,22.207245,2,25,13,0,2,2023,6
DEMO100568,1051102,120.692719,22.180395,2,18,16,0,3,2016,11
DEMO100569,1050405,120.69215,22.180588,2,24,14,1,3,2016,4
DEMO100570,1051214,120.691965,22.180564,2,23,17,0,3,2016,12
DEMO100571,1050204,120.692207,22.180766,2,18,13,0,1,2016,2
DEMO100572,1050324,120.693744,22.181807,2,23,16,0,1,2016,3
DEMO100573,1051105,120.693607,22.181666,2,20,17,0,3,2016,11
DEMO100574,1060123,120.692236,22.181501,2,12,13,0,2,2017,1
DEMO100575,1050624,120.692739,22.181683,2,24,14,0,0,2016,6
DEMO100576,1060210,120.701025,22.145305,2,22,16,0,0,2017,2
DEMO100577,1101212,120.701221,22.145632,2,20,17,0,2,2021,12
DEMO100578,1060323,120.699925,22.14535,2,18,16,0,3,2017,3
DEMO100579,1050519,120.699943,22.144144,2,24,13,0,1,2016,5
DEMO100580,1050413,120.713475,22.072964,2,27,17,0,1,2016,4
DEMO100581,1051028,120.714724,22.07219,2,20,16,0,1,2016,10
DEMO100582,1050325,120.714223,22.073012,2,14,14,0,3,2016,3
DEMO100583,1051005,120.713189,22.072973,2,18,14,0,0,2016,10
DEMO100584,1050104,120.71352,22.072899,2,25,13,0,3,2016,1
DEMO100585,1050301,120.713768,22.072323,2,12,13,0,3,2016,3
DEMO100586,1050108,120.714856,22.071939,2,27,17,0,2,2016,1
DEMO100587,1050725,120.714195,22.071872,2,22,13,0,1,2016,7
DEMO100588,1050511,120.730511,22.046451,2,19,13,0,0,2016,5
DEMO100589,1050520,120.730124,22.045811,2,28,14,0,2,2016,5
DEMO100590,1050120,120.730356,22.045138,2,20,13,1,3,2016,1
DEMO100591,1050915,120.743707,22.023251,2,12,17,0,0,2016,9
DEMO100592,1060312,120.743417,22.023382,2,27,13,0,1,2017,3
DEMO100593,1050601,120.742311,22.023957,2,25,17,0,0,2016,6
DEMO100594,1050306,120.74387,22.024675,2,14,13,0,0,2016,3
DEMO100595,1050221,120.742766,22.023657,2,13,16,0,2,2016,2
DEMO100596,1050806,120.758792,21.965548,2,13,17,0,0,2016,8
DEMO100597,1050111,120.759367,21.965719,2,25,17,0,1,2016,1
DEMO100598,1051214,120.759029,21.965653,2,25,16,0,1,2016,12
DEMO100599,1050110,120.757755,21.965127,2,23,14,0,3,2016,1
DEMO100600,1050406,120.757968,21.964986,2,27,17,0,3,2016,4
DEMO100601,1050213,120.759017,21.964787,2,13,13,0,3,2016,2
DEMO100602,1130208,120.751991,21.978319,2,14,6,0,0,2024,2
DEMO100603,1120903,120.752101,21.978392,2,24,8,0,1,2023,9
DEMO100604,1140820,120.753305,21.978221,2,22,8,0,3,2025,8
DEMO100605,1141203,120.753253,21.977052,2,19,6,0,0,2025,12
DEMO100606,1140815,120.753516,21.976856,2,25,6,0,2,2025,8
DEMO100607,1111106,120.752739,21.976838,2,27,13,0,2,2022,11
DEMO100608,1130328,120.751901,21.977672,2,20,7,0,3,2024,3
DEMO100609,1141017,120.753668,21.977308,2,22,8,0,3,2025,10
DEMO100610,1100324,120.766337,21.957884,2,20,16,0,0,2021,3
DEMO100611,1120219,120.767931,21.9593,2,27,14,0,3,2023,2
DEMO100612,1130222,120.767886,21.959312,2,25,8,0,2,2024,2
DEMO100613,1091223,120.768079,21.958595,2,18,16,0,0,2020,12
DEMO100614,1070301,120.767056,21.958186,2,25,13,0,0,2018,3
DEMO100615,1071015,120.76763,21.957886,2,12,13,0,0,2018,10
DEMO100616,1101106,120.766309,21.958666,2,23,16,0,1,2021,11
DEMO100617,1110228,120.803062,22.008615,2,19,14,0,0,2022,2
DEMO100618,1120205,120.803135,22.0089,2,18,14,0,2,2023,2
DEMO100619,1090825,120.803606,22.009639,2,22,14,0,2,2020,8
DEMO100620,1110217,120.803318,22.009244,2,14,16,0,2,2022,2
DEMO100621,1100317,120.803099,22.009364,2,27,16,1,2,2021,3
DEMO100622,1130114,120.803003,22.008523,2,18,5,0,3,2024,1
DEMO100623,1111226,120.803948,22.007781,2,13,17,0,1,2022,12
DEMO100624,1120815,120.457406,22.181745,2,13,7,0,3,2023,8
DEMO100625,1070710,120.677892,22.26289,2,25,13,0,1,2018,7
DEMO100626,1090507,120.566342,22.704235,2,22,17,0,1,2020,5
DEMO100627,1121014,120.527424,22.723555,2,25,8,0,3,2023,10
DEMO100628,1140905,120.643825,22.19269,2,27,6,0,1,2025,9
DEMO100629,1050404,120.737023,22.211225,2,20,13,0,2,2016,4
DEMO100630,1100120,120.769979,22.139336,2,27,14,0,0,2021,1
DEMO100631,1110118,120.482696,22.078286,2,25,13,0,2,2022,1
DEMO100632,1090423,120.765774,22.017451,2,23,14,0,0,2020,4
DEMO100633,1141025,120.535862,21.990221,2,24,6,0,2,2025,10
DEMO100634,1080210,120.440997,22.647136,2,20,16,1,2,2019,2
DEMO100635,1050212,120.551776,21.94556,2,27,13,0,2,2016,2
DEMO100636,1060321,120.649951,21.910172,2,28,16,0,2,2017,3
DEMO100637,1141228,120.639729,21.905632,2,25,5,0,2,2025,12
DEMO100638,1120715,120.629921,21.945516,2,28,7,0,2,2023,7
DEMO100639,1050124,120.790383,22.737359,2,18,17,0,0,2016,1
DEMO100640,1090716,120.751481,21.946164,2,28,14,0,0,2020,7
DEMO100641,1070415,120.631657,22.094625,2,19,14,0,2,2018,4
DEMO100642,1110420,120.460905,22.224967,2,20,13,0,1,2022,4
DEMO100643,1090604,120.535146,22.527447,2,27,14,0,0,2020,6
DEMO100644,1080620,120.487147,22.0099,2,14,17,0,1,2019,6
DEMO100645,1080920,120.627349,21.995032,2,19,13,0,1,2019,9
DEMO100646,1090626,120.462386,21.973107,2,25,17,0,2,2020,6
DEMO100647,1110419,120.776291,22.493481,2,24,14,0,2,2022,4
DEMO100648,1070502,120.546714,22.284738,2,28,16,0,3,2018,5
DEMO100649,1110511,120.793964,22.400572,2,18,17,0,2,2022,5
DEMO100650,1061217,120.595339,22.075508,2,28,13,0,2,2017,12
DEMO100651,1061024,120.361706,22.01336,2,23,17,0,2,2017,10
DEMO100652,1071203,120.833746,22.749535,2,12,14,0,3,2018,12
DEMO100653,1100406,120.761149,22.103645,2,28,17,0,0,2021,4
DEMO100654,1120922,120.450648,22.485383,2,20,6,0,1,2023,9
DEMO100655,1130226,120.857316,22.198774,2,28,5,0,1,2024,2
DEMO100656,1130216,120.589628,22.59971,2,14,8,0,3,2024,2
DEMO100657,1101102,120.783316,22.258096,2,28,16,0,3,2021,11
DEMO100658,1110821,120.628018,22.655838,2,23,14,0,3,2022,8
DEMO100659,1141222,120.810957,22.792308,2,20,8,0,3,2025,12
DEMO100660,1080825,120.705817,22.51167,2,13,17,0,2,2019,8
DEMO100661,1090421,120.376665,22.29813,2,20,17,0,0,2020,4
DEMO100662,1110714,120.788061,22.731829,2,20,17,0,1,2022,7
DEMO100663,1091120,120.737364,22.601839,2,27,16,0,2,2020,11
DEMO100664,1070128,120.38893,21.982889,2,23,16,0,3,2018,1
DEMO100665,1070509,120.351034,22.393986,2,20,13,0,0,2018,5
DEMO100666,1130823,120.488951,21.98698,2,27,5,0,1,2024,8
DEMO100667,1121122,120.339487,22.702186,2,14,6,0,1,2023,11
DEMO100668,1090117,120.703504,22.513973,2,14,14,0,3,2020,1
DEMO100669,1070527,120.716053,22.53055,2,24,17,0,2,2018,5
DEMO100670,1100306,120.671504,22.067976,2,28,16,0,3,2021,3
DEMO100671,1080513,120.439525,22.10343,2,23,14,1,3,2019,5
DEMO100672,1071023,120.466707,22.594361,2,23,16,0,2,2018,10
DEMO100673,1071215,120.340016,21.943283,2,25,16,0,1,2018,12
DEMO100674,1061119,120.5395,22.438736,2,12,17,0,0,2017,11
DEMO100675,1070808,120.381413,22.704272,2,22,16,0,0,2018,8
DEMO100676,1080912,120.762268,22.203573,2,14,14,0,1,2019,9
DEMO100677,1090816,120.885108,22.649884,2,20,13,0,1,2020,8
DEMO100678,1081117,120.57251,22.271052,2,20,16,0,0,2019,11
DEMO100679,1110228,120.881593,22.240055,2,20,16,0,0,2022,2
DEMO100680,1080328,120.363802,22.002726,2,18,13,0,2,2019,3
DEMO100681,1120919,120.532365,22.493721,2,20,6,0,1,2023,9
DEMO100682,1110910,120.689259,22.759109,2,24,16,0,0,2022,9
DEMO100683,1110206,120.502851,22.014142,2,19,16,0,3,2022,2
DEMO100684,1050411,120.335139,22.39713,2,13,14,0,2,2016,4
DEMO100685,1120819,120.624167,21.971352,2,27,8,0,0,2023,8
DEMO100686,1061228,120.386082,22.036301,2,27,13,0,0,2017,12
DEMO100687,1050716,120.75308,22.427962,2,18,14,0,1,2016,7
DEMO100688,1061212,120.515876,22.176275,2,22,14,0,2,2017,12
DEMO100689,1141023,120.406292,22.549859,2,23,6,0,2,2025,10
DEMO100690,1090205,120.70335,22.33315,2,19,14,0,1,2020,2
DEMO100691,1110922,120.307744,22.104022,2,27,13,0,2,2022,9
DEMO100692,1060407,120.369875,22.014387,2,22,13,0,3,2017,4
DEMO100693,1100526,120.801224,22.077199,2,27,13,0,1,2021,5
DEMO100694,1080102,120.340865,22.096357,2,20,13,0,2,2019,1
DEMO100695,1130523,120.874768,22.387002,2,28,7,0,2,2024,5
DEMO100696,1110109,120.410903,21.953628,2,22,14,0,0,2022,1
DEMO100697,1141107,120.348063,22.29765,2,14,6,0,3,2025,11
DEMO100698,1070612,120.812883,22.757174,2,14,16,0,2,2018,6
DEMO100699,1140415,120.3044,21.923228,2,23,8,0,0,2025,4
DEMO100700,1070928,120.875875,21.943825,2,22,14,0,0,2018,9
DEMO100701,1100817,120.570716,22.197352,2,23,13,0,0,2021,8
DEMO100702,1061225,120.777891,22.581082,2,24,13,0,2,2017,12
DEMO100703,1100511,120.385534,22.243926,2,28,13,0,3,2021,5
DEMO100704,1131219,120.546473,22.34068,2,23,8,0,3,2024,12
DEMO100705,1050414,120.359055,22.761048,2,23,13,0,3,2016,4
DEMO100706,1110525,120.407419,22.617763,2,13,17,0,0,2022,5
DEMO100707,1061215,120.46836,22.214944,2,27,13,0,2,2017,12
DEMO100708,1091014,120.798374,22.102192,2,24,14,0,2,2020,10
DEMO100709,1110623,120.779495,22.200773,2,22,17,0,3,2022,6
DEMO100710,1050328,120.340784,22.063103,2,19,16,0,1,2016,3
DEMO100711,1070816,120.541644,22.367651,2,20,14,0,3,2018,8
DEMO100712,1071213,120.306647,22.557156,2,20,14,0,3,2018,12
DEMO100713,1090909,120.512626,22.172547,2,22,13,0,2,2020,9
DEMO100714,1060715,120.693542,22.078933,2,27,13,0,1,2017,7
DEMO100715,1120315,120.452724,22.325725,2,18,17,0,2,2023,3
DEMO100716,1130513,120.777746,22.561523,2,12,5,0,0,2024,5
DEMO100717,1100528,120.71641,22.064476,2,25,13,0,1,2021,5
DEMO100718,1130606,120.491214,21.994208,2,14,5,0,2,2024,6
DEMO100719,1050819,120.728648,22.225482,2,23,14,0,1,2016,8
DEMO100720,1050425,120.596713,22.009526,2,13,13,0,1,2016,4
DEMO100721,1070719,120.749916,22.721737,2,12,13,0,0,2018,7
DEMO100722,1061208,120.53084,22.292396,2,20,16,0,1,2017,12
DEMO100723,1131107,120.403098,22.36627,2,18,7,0,3,2024,11
DEMO100724,1080915,120.689627,22.501989,2,24,17,0,0,2019,9
DEMO100725,1070920,120.575111,22.408132,2,13,13,0,0,2018,9
DEMO100726,1081013,120.42504,22.019635,2,14,14,0,1,2019,10
DEMO100727,1130511,120.841934,21.922156,2,18,7,0,3,2024,5
DEMO100728,1091028,120.324173,22.360993,2,20,17,0,2,2020,10
DEMO100729,1110807,120.860726,22.173047,2,14,13,0,2,2022,8
DEMO100730,1130220,120.33268,22.064212,2,24,8,0,2,2024,2
DEMO100731,1140706,120.487314,22.28472,2,20,7,0,0,2025,7
DEMO100732,1070627,120.461497,22.078768,2,23,17,0,2,2018,6
DEMO100733,1131223,120.807675,22.064532,2,20,7,0,1,2024,12
DEMO100734,1070125,120.591704,21.998112,2,23,17,0,3,2018,1
DEMO100735,1080310,120.48148,22.672828,2,27,13,0,3,2019,3
DEMO100736,1130624,120.867014,22.514286,2,24,6,0,1,2024,6
DEMO100737,1121126,120.371972,22.180858,2,14,7,0,0,2023,11
DEMO100738,1071016,120.709592,22.112061,2,27,13,0,3,2018,10
DEMO100739,1101107,120.891938,22.438056,2,23,13,0,3,2021,11
DEMO100740,1071103,120.484287,22.673712,2,12,14,0,1,2018,11
DEMO100741,1111223,120.792331,22.50898,2,12,13,0,3,2022,12
DEMO100742,1090927,120.58632,22.613757,2,14,16,0,1,2020,9
DEMO100743,1070414,120.723381,22.729973,2,12,16,0,3,2018,4
DEMO100744,1110218,120.831828,21.942477,2,20,14,0,1,2022,2
DEMO100745,1080708,120.449275,22.747852,2,24,16,0,3,2019,7
DEMO100746,1080113,120.333697,22.130075,2,24,13,0,1,2019,1
DEMO100747,1100723,120.373133,22.274275,2,23,16,0,1,2021,7
DEMO100748,1050514,120.65722,22.273631,2,19,13,0,1,2016,5
DEMO100749,1070516,120.689248,22.277073,2,12,14,0,2,2018,5
DEMO100750,1060421,120.492513,22.436445,2,22,16,0,0,2017,4
DEMO100751,1080309,120.422545,22.276826,2,24,13,0,2,2019,3
DEMO100752,1080622,120.793337,22.577564,2,27,14,0,1,2019,6
DEMO100753,1110101,120.371484,22.361154,2,13,13,0,2,2022,1
DEMO100754,1051210,120.749627,22.726057,2,13,13,0,1,2016,12
DEMO100755,1120817,120.348699,22.306982,2,12,5,0,2,2023,8
DEMO100756,1140115,120.819621,21.90892,2,25,6,0,3,2025,1
DEMO100757,1070724,120.892138,22.579112,2,20,14,0,3,2018,7
DEMO100758,1050418,120.460245,22.381195,2,24,16,0,3,2016,4
DEMO100759,1140324,120.310965,22.713722,2,27,7,0,0,2025,3
DEMO100760,1100117,120.622551,22.066428,2,20,17,0,2,2021,1
DEMO100761,1070611,120.784719,22.563669,2,25,17,0,2,2018,6
DEMO100762,1060726,120.488777,22.506616,2,23,13,0,3,2017,7
DEMO100763,1110325,120.312455,22.584797,2,12,17,0,0,2022,3
DEMO100764,1100501,120.585916,22.564092,2,28,16,0,1,2021,5
DEMO100765,1121016,120.761666,22.741316,2,27,8,0,2,2023,10
DEMO100766,1110712,120.470511,22.160072,2,18,13,0,3,2022,7
DEMO100767,1110302,120.416564,22.302481,2,28,14,0,3,2022,3
DEMO100768,1130401,120.370933,22.261348,2,14,6,0,0,2024,4
DEMO100769,1050723,120.425939,22.134827,2,27,14,0,2,2016,7
DEMO100770,1080727,120.723574,22.35332,2,25,13,0,2,2019,7
DEMO100771,1100716,120.586895,22.591173,2,14,14,0,1,2021,7
DEMO100772,1050909,120.747431,22.643347,2,13,16,0,0,2016,9
DEMO100773,1050406,120.671501,22.642326,2,18,16,0,3,2016,4
DEMO100774,1050110,120.44249,22.169908,2,28,16,0,0,2016,1
DEMO100775,1051118,120.408095,21.998877,2,22,14,0,0,2016,11
DEMO100776,1111222,120.714028,22.184491,2,25,17,0,3,2022,12
DEMO100777,1090609,120.627294,22.086351,2,12,13,0,0,2020,6
DEMO100778,1130225,120.373948,22.176911,2,12,8,0,1,2024,2
DEMO100779,1121011,120.628006,22.696031,2,23,5,0,0,2023,10
DEMO100780,1061016,120.849893,22.195054,2,24,17,0,0,2017,10
DEMO100781,1080227,120.649877,22.421069,2,28,17,0,2,2019,2
DEMO100782,1090719,120.851525,22.281393,2,25,14,0,0,2020,7
DEMO100783,1060503,120.850332,22.398203,2,28,14,0,0,2017,5
DEMO100784,1120311,120.809083,22.22693,2,18,13,0,1,2023,3
DEMO100785,1110416,120.807024,22.255548,2,12,17,0,1,2022,4
DEMO100786,1140807,120.671523,22.332265,2,22,8,0,2,2025,8
DEMO100787,1141014,120.590814,21.924181,2,18,7,0,3,2025,10
DEMO100788,1081011,120.556263,22.32759,2,28,14,1,0,2019,10
DEMO100789,1120212,120.606582,22.285888,2,23,14,0,0,2023,2
DEMO100790,1110717,120.383021,22.564351,2,18,14,0,2,2022,7
DEMO100791,1111208,120.813331,22.276462,2,14,14,0,0,2022,12
DEMO100792,1100422,120.496706,22.634171,2,19,14,0,2,2021,4
DEMO100793,1070620,120.810843,21.975838,2,22,16,0,2,2018,6
DEMO100794,1071005,120.773414,22.007196,2,14,16,0,0,2018,10
DEMO100795,1140508,120.801919,22.533902,2,25,5,0,2,2025,5
DEMO100796,1110714,120.858099,22.374829,2,13,14,0,1,2022,7
DEMO100797,1050103,120.786943,22.334047,2,22,14,0,0,2016,1
DEMO100798,1061021,120.839013,22.424418,2,14,14,0,0,2017,10
DEMO100799,1140206,120.497031,22.338491,2,24,8,0,0,2025,2
DEMO100800,1060826,120.381822,22.555211,2,19,16,0,3,2017,8
DEMO100801,1081012,120.694984,22.293945,2,19,13,0,3,2019,10
DEMO100802,1060720,120.532701,22.159092,2,25,17,0,1,2017,7
DEMO100803,1101210,120.32456,21.944695,2,14,16,0,3,2021,12
DEMO100804,1071024,120.50236,22.06164,2,24,17,0,3,2018,10
DEMO100805,1051118,120.750092,22.311136,2,28,17,0,2,2016,11
DEMO100806,1140920,120.337168,22.419127,2,27,6,0,0,2025,9
DEMO100807,1080823,120.731445,22.392766,2,12,13,0,1,2019,8
DEMO100808,1050502,120.569447,22.419852,2,20,17,0,1,2016,5
DEMO100809,1120812,120.359697,22.589936,2,27,5,0,1,2023,8
DEMO100810,1080115,120.720519,22.156685,2,14,13,0,1,2019,1
DEMO100811,1071023,120.469151,22.186236,2,23,16,0,0,2018,10
DEMO100812,1120225,120.666218,22.391766,2,14,17,0,1,2023,2
DEMO100813,1121126,120.751062,22.71561,2,28,6,1,0,2023,11
DEMO100814,1090612,120.306331,22.254681,2,25,14,0,3,2020,6
DEMO100815,1110828,120.54385,22.691854,2,19,13,0,3,2022,8
DEMO100816,1130514,120.806983,22.32869,2,22,6,0,3,2024,5
DEMO100817,1070421,120.584495,22.103211,2,25,14,0,2,2018,4
DEMO100818,1090127,120.425458,22.017318,2,18,16,0,2,2020,1
DEMO100819,1091025,120.567495,22.63499,2,12,17,0,3,2020,10
DEMO100820,1090620,120.672712,22.008672,2,13,14,0,0,2020,6
DEMO100821,1111013,120.787838,21.989307,2,20,17,0,0,2022,10
DEMO100822,1110809,120.854199,22.797766,2,27,17,0,1,2022,8
DEMO100823,1090322,120.422093,22.759098,2,13,16,0,3,2020,3
DEMO100824,1130712,120.781104,22.291078,2,19,6,0,2,2024,7
DEMO100825,1130702,120.655834,22.340305,2,13,5,0,1,2024,7
DEMO100826,1080502,120.521612,22.497368,2,12,14,0,2,2019,5
DEMO100827,1120314,120.704423,21.914994,2,20,14,0,3,2023,3
DEMO100828,1051109,120.602782,21.906618,2,23,17,0,1,2016,11
DEMO100829,1120311,120.814101,22.32019,2,25,14,0,2,2023,3
DEMO100830,1081204,120.7183,21.974901,2,24,16,1,3,2019,12
DEMO100831,1051223,120.550299,22.689974,2,25,13,0,0,2016,12
DEMO100832,1080728,120.607569,22.161789,2,13,17,0,2,2019,7
DEMO100833,1060404,120.768029,22.324464,2,22,17,0,0,2017,4
DEMO100834,1081102,120.505816,22.789312,2,25,14,0,2,2019,11
DEMO100835,1091010,120.725803,22.78534,2,14,14,0,0,2020,10
DEMO100836,1050714,120.759521,21.971292,2,12,13,0,0,2016,7
DEMO100837,1080806,120.316264,22.605151,2,12,16,0,3,2019,8
DEMO100838,1051117,120.58619,22.250288,2,20,17,0,2,2016,11
DEMO100839,1141121,120.856145,22.765853,2,22,8,0,1,2025,11
DEMO100840,1100928,120.385689,22.421847,2,20,13,1,2,2021,9
DEMO100841,1050113,120.792355,22.25304,2,23,16,0,2,2016,1
DEMO100842,1100720,120.369218,22.682713,2,23,17,1,2,2021,7
DEMO100843,1100321,120.508315,22.614764,2,13,13,0,3,2021,3
DEMO100844,1110610,120.865423,22.609381,2,27,14,0,2,2022,6
DEMO100845,1080317,120.897253,22.15876,2,27,13,0,2,2019,3
DEMO100846,1080813,120.886474,22.667985,2,28,17,0,0,2019,8
DEMO100847,1130419,120.716982,22.36365,2,24,8,0,1,2024,4
DEMO100848,1050811,120.308197,22.706154,2,28,16,0,3,2016,8
DEMO100849,1121203,120.777987,22.204183,2,18,6,0,0,2023,12
DEMO100850,1051015,120.305452,22.483468,2,28,16,0,3,2016,10
DEMO100851,1061107,120.641524,22.681182,2,20,13,0,1,2017,11
DEMO100852,1110418,120.57474,22.255031,2,27,17,0,3,2022,4
DEMO100853,1070318,120.608373,22.521111,2,22,13,1,0,2018,3
DEMO100854,1061114,120.460063,22.007578,2,20,14,0,2,2017,11
DEMO100855,1120901,120.48938,22.341918,2,19,7,0,1,2023,9
DEMO100856,1101212,120.546668,22.300241,2,28,16,1,3,2021,12
DEMO100857,1110919,120.528534,22.346438,2,13,17,0,1,2022,9
DEMO100858,1140302,120.712314,22.633314,2,19,8,0,2,2025,3
DEMO100859,1070622,120.371413,21.962035,2,12,14,0,3,2018,6
DEMO100860,1060410,120.729218,22.144028,2,14,16,0,1,2017,4
DEMO100861,1131113,120.383592,22.679604,2,23,7,1,2,2024,11
DEMO100862,1080905,120.729964,22.222795,2,23,17,0,3,2019,9
DEMO100863,1081106,120.409719,22.109164,2,12,13,0,0,2019,11
DEMO100864,1080220,120.716027,22.589621,2,27,17,0,2,2019,2
DEMO100865,1141224,120.715752,22.788632,2,24,5,0,0,2025,12
DEMO100866,1121001,120.751079,22.411442,2,14,5,0,0,2023,10
DEMO100867,1141107,120.641583,22.46855,2,13,5,0,2,2025,11
DEMO100868,1110206,120.374768,22.487228,2,13,13,0,0,2022,2
DEMO100869,1110717,120.820621,22.536859,2,27,13,0,1,2022,7
DEMO100870,1060620,120.563189,21.934881,2,23,13,0,3,2017,6
DEMO100871,1050618,120.451084,22.641372,2,20,16,0,1,2016,6
DEMO100872,1071015,120.559206,22.799145,2,22,14,0,1,2018,10
DEMO100873,1100302,120.614518,22.500242,2,27,17,0,3,2021,3
DEMO100874,1090713,120.675633,21.967751,2,25,17,0,1,2020,7
DEMO100875,1111015,120.380121,22.248027,2,28,13,0,2,2022,10
DEMO100876,1140309,120.465059,22.475197,2,14,8,0,1,2025,3
DEMO100877,1070820,120.314787,22.52702,2,27,16,0,2,2018,8
DEMO100878,1100227,120.793104,22.481679,2,12,17,0,2,2021,2
DEMO100879,1110125,120.563478,21.935953,2,14,16,0,1,2022,1
DEMO100880,1140509,120.578173,22.605844,2,25,6,0,3,2025,5
DEMO100881,1100517,120.883541,22.224054,2,25,16,0,1,2021,5
DEMO100882,1091006,120.460886,22.184102,2,27,16,0,3,2020,10
DEMO100883,1090320,120.834499,22.304134,2,22,16,0,1,2020,3
DEMO100884,1101106,120.446793,22.279171,2,24,14,0,3,2021,11
DEMO100885,1050507,120.500341,22.128833,2,20,17,0,3,2016,5
DEMO100886,1120408,120.663452,22.468692,2,24,14,0,1,2023,4
DEMO100887,1140616,120.412939,22.065824,2,20,8,0,0,2025,6
DEMO100888,1120628,120.643662,22.637546,2,12,17,0,0,2023,6
DEMO100889,1121019,120.67539,22.42268,2,22,5,0,1,2023,10
DEMO100890,1111004,120.375666,22.016871,2,24,13,0,2,2022,10
DEMO100891,1050710,120.410461,21.995085,2,14,14,0,1,2016,7
DEMO100892,1100502,120.721966,22.651012,2,28,14,0,3,2021,5
DEMO100893,1110816,120.684268,22.182746,2,12,17,0,0,2022,8
DEMO100894,1130314,120.405534,22.111845,2,28,7,0,0,2024,3
DEMO100895,1050810,120.885652,22.100054,2,23,16,0,0,2016,8
DEMO100896,1070615,120.644357,22.2157,2,12,17,0,2,2018,6
DEMO100897,1081105,120.399252,21.902091,2,13,16,0,1,2019,11
DEMO100898,1060707,120.574683,22.133065,2,12,16,0,0,2017,7
DEMO100899,1060907,120.880996,22.307595,2,18,17,0,0,2017,9
DEMO100900,1051224,120.482241,21.983716,2,24,16,0,3,2016,12
DEMO100901,1140301,120.38483,22.017288,2,27,5,0,0,2025,3
DEMO100902,1090404,120.854239,22.639324,2,13,17,0,1,2020,4
DEMO100903,1100221,120.709603,22.465861,2,22,17,0,1,2021,2
DEMO100904,1090116,120.641698,22.649152,2,12,17,0,3,2020,1
DEMO100905,1050326,120.379084,22.698338,2,13,16,0,2,2016,3
DEMO100906,1090216,120.678381,22.287128,2,22,17,0,0,2020,2
DEMO100907,1051010,120.864451,22.057303,2,25,17,0,0,2016,10
DEMO100908,1080418,120.462859,21.903332,2,13,13,0,2,2019,4
DEMO100909,1100810,120.708336,22.169601,2,13,13,0,3,2021,8
DEMO100910,1111114,120.543118,22.436439,2,20,16,0,1,2022,11
DEMO100911,1140426,120.89961,22.090288,2,18,8,0,0,2025,4
DEMO100912,1080508,120.762013,22.467158,2,19,17,1,0,2019,5
DEMO100913,1140103,120.427922,22.603556,2,25,6,0,1,2025,1
DEMO100914,1131002,120.551358,22.363106,2,14,6,0,3,2024,10
DEMO100915,1070723,120.311119,22.029259,2,28,13,0,3,2018,7
DEMO100916,1060213,120.589881,21.956865,2,25,14,0,2,2017,2
DEMO100917,1130205,120.342418,22.225386,2,22,6,0,2,2024,2
DEMO100918,1140924,120.506862,22.251266,2,12,5,0,0,2025,9
DEMO100919,1080211,120.84613,22.038974,2,18,16,0,1,2019,2
DEMO100920,1100527,120.426904,22.562432,2,28,14,0,1,2021,5
DEMO100921,1130919,120.730424,22.497905,2,27,8,0,3,2024,9
DEMO100922,1070727,120.679272,22.291763,2,14,17,0,1,2018,7
DEMO100923,1111209,120.565616,22.558997,2,22,13,0,3,2022,12
DEMO100924,1120510,120.341585,22.420397,2,19,17,0,0,2023,5
DEMO100925,1051123,120.59274,22.083831,2,25,13,0,2,2016,11
DEMO100926,1051016,120.378404,22.161899,2,20,13,0,1,2016,10
DEMO100927,1140818,120.73158,22.456872,2,12,7,0,0,2025,8
DEMO100928,1140614,120.57792,22.338145,2,28,6,0,1,2025,6
DEMO100929,1070716,120.389662,22.736942,2,19,16,0,0,2018,7
DEMO100930,1111109,120.58098,22.667815,2,13,16,0,1,2022,11
DEMO100931,1070603,120.316937,22.669649,2,22,16,0,0,2018,6
DEMO100932,1070318,120.483865,22.765992,2,14,16,0,1,2018,3
DEMO100933,1080501,120.302921,22.27141,2,28,16,0,1,2019,5
DEMO100934,1090803,120.739568,22.516253,2,14,14,0,2,2020,8
DEMO100935,1140911,120.827636,22.769049,2,14,8,0,2,2025,9
DEMO100936,1060619,120.387965,22.0437,2,24,17,0,0,2017,6
DEMO100937,1070626,120.521235,22.592758,2,24,14,0,2,2018,6
DEMO100938,1141106,120.763102,22.33549,2,12,7,0,3,2025,11
DEMO100939,1140403,120.788226,22.095393,2,20,8,1,0,2025,4
DEMO100940,1130511,120.329916,22.034918,2,23,5,1,2,2024,5
DEMO100941,1090328,120.326753,22.028756,2,13,17,0,2,2020,3
DEMO100942,1070207,120.793594,21.911953,2,19,13,0,2,2018,2
DEMO100943,1100418,120.601932,22.588634,2,20,13,0,2,2021,4
DEMO100944,1050119,120.823437,22.451805,2,24,13,0,2,2016,1
DEMO100945,1090222,120.451919,22.623324,2,14,16,0,3,2020,2
DEMO100946,1090808,120.819871,22.368794,2,18,14,0,1,2020,8
DEMO100947,1081213,120.300377,22.766785,2,23,13,0,3,2019,12
DEMO100948,1130818,120.360699,22.460824,2,27,7,0,2,2024,8
DEMO100949,1080105,120.492034,22.586835,2,13,14,0,2,2019,1
DEMO100950,1081005,120.473482,22.306157,2,25,17,0,2,2019,10
DEMO100951,1090101,120.415003,22.32709,2,27,13,1,1,2020,1
DEMO100952,1080321,120.50458,22.62492,2,12,16,0,1,2019,3
DEMO100953,1130122,120.850664,22.717512,2,23,5,0,3,2024,1
DEMO100954,1130410,120.763901,21.995639,2,25,6,0,1,2024,4
DEMO100955,1050716,120.626465,22.396541,2,28,16,0,0,2016,7
DEMO100956,1061104,120.454936,22.11912,2,23,17,0,0,2017,11
DEMO100957,1060928,120.31269,22.27704,2,20,13,0,2,2017,9
DEMO100958,1050506,120.745197,21.947051,2,25,13,0,1,2016,5
DEMO100959,1100714,120.73361,22.187303,2,25,16,0,1,2021,7
DEMO100960,1120426,120.374215,22.424949,2,27,17,0,3,2023,4
DEMO100961,1080214,120.848817,22.344189,2,14,14,1,3,2019,2
DEMO100962,1101022,120.421249,21.999066,2,27,16,1,2,2021,10
DEMO100963,1050704,120.48004,22.036138,2,27,14,0,2,2016,7
DEMO100964,1061126,120.310817,21.992099,2,18,17,0,1,2017,11
DEMO100965,1111126,120.579825,22.225499,2,27,16,0,2,2022,11
DEMO100966,1090223,120.607356,22.338637,2,14,14,1,2,2020,2
DEMO100967,1070507,120.603212,22.511975,2,24,14,0,2,2018,5
DEMO100968,1070621,120.853904,21.914267,2,22,17,0,3,2018,6
DEMO100969,1120925,120.639911,22.484589,2,13,7,0,2,2023,9
DEMO100970,1050111,120.607163,22.374307,2,14,16,0,3,2016,1
DEMO100971,1060215,120.604651,22.349198,2,28,16,0,1,2017,2
DEMO100972,1050619,120.381376,22.031066,2,19,17,0,1,2016,6
DEMO100973,1060815,120.715156,22.040266,2,12,16,0,3,2017,8
DEMO100974,1131128,120.721968,22.262274,2,13,8,0,1,2024,11
DEMO100975,1070410,120.590214,22.183998,2,28,17,0,1,2018,4
DEMO100976,1100508,120.510426,22.595556,2,12,17,0,3,2021,5
DEMO100977,1111025,120.779072,22.536505,2,28,13,0,2,2022,10
DEMO100978,1090206,120.342243,22.219438,2,24,17,0,3,2020,2
DEMO100979,1090312,120.530263,22.774871,2,14,16,0,2,2020,3
DEMO100980,1120323,120.699498,22.093962,2,13,16,0,1,2023,3
DEMO100981,1130318,120.400072,22.617678,2,18,5,0,0,2024,3
DEMO100982,1070723,120.502486,21.916273,2,18,16,0,2,2018,7
DEMO100983,1091115,120.429278,22.008434,2,20,14,0,0,2020,11
DEMO100984,1061116,120.330512,22.677201,2,27,14,0,0,2017,11
DEMO100985,1060915,120.571653,22.651986,2,28,14,0,0,2017,9
DEMO100986,1101201,120.809682,22.387083,2,14,16,0,0,2021,12
DEMO100987,1080108,120.820634,22.288905,2,24,17,0,0,2019,1
DEMO100988,1120703,120.871021,22.187749,2,18,6,0,2,2023,7
DEMO100989,1110802,120.310628,22.53288,2,22,14,0,0,2022,8
DEMO100990,1100822,120.525714,22.230606,2,28,13,0,0,2021,8
DEMO100991,1080616,120.466514,22.740072,2,19,13,0,0,2019,6
DEMO100992,1140624,120.605705,22.391175,2,24,7,0,3,2025,6
DEMO100993,1140917,120.54522,22.320015,2,24,5,0,0,2025,9
DEMO100994,1100407,120.445875,22.570276,2,23,13,0,1,2021,4
DEMO100995,1081224,120.687143,22.485875,2,27,16,0,3,2019,12
DEMO100996,1110611,120.657755,22.538763,2,27,17,0,2,2022,6
DEMO100997,1110710,120.881051,22.386497,2,24,14,0,0,2022,7
DEMO100998,1110704,120.579435,22.116221,2,13,13,0,2,2022,7
DEMO100999,1120120,120.698407,22.204531,2,23,14,0,1,2023,1
DEMO101000,1130721,120.796566,22.771078,2,27,5,0,0,2024,7
DEMO101001,1130303,120.575769,22.465654,2,14,7,1,2,2024,3
DEMO101002,1090718,120.352885,22.272299,2,27,14,0,0,2020,7
DEMO101003,1141216,120.598914,22.196577,2,22,6,0,0,2025,12
DEMO101004,1051118,120.876131,22.494302,2,23,17,0,1,2016,11
DEMO101005,1100509,120.328669,22.217008,2,28,17,0,2,2021,5
DEMO101006,1130710,120.531332,22.723875,2,13,8,0,1,2024,7
DEMO101007,1141211,120.334943,22.136047,2,20,8,0,0,2025,12
DEMO101008,1060825,120.595738,22.062787,2,27,17,0,0,2017,8
DEMO101009,1091206,120.699515,22.240807,2,25,16,0,3,2020,12
DEMO101010,1100608,120.694089,22.078386,2,19,16,0,2,2021,6
DEMO101011,1100801,120.472899,22.443528,2,13,16,1,0,2021,8
DEMO101012,1100714,120.414745,22.453886,2,14,17,0,3,2021,7
DEMO101013,1060112,120.711655,22.753911,2,25,17,0,3,2017,1
DEMO101014,1061227,120.456838,22.751939,2,22,16,0,2,2017,12
DEMO101015,1100627,120.728375,22.732193,2,19,13,0,3,2021,6
DEMO101016,1101221,120.655496,22.334244,2,14,17,0,2,2021,12
DEMO101017,1100816,120.595441,22.653057,2,12,14,0,0,2021,8
DEMO101018,1140714,120.43062,22.769419,2,19,7,0,2,2025,7
DEMO101019,1130710,120.877775,22.446917,2,22,5,0,2,2024,7
DEMO101020,1131203,120.47206,22.403655,2,22,7,0,0,2024,12
DEMO101021,1110816,120.807306,22.619174,2,13,13,0,0,2022,8
DEMO101022,1060704,120.583019,22.763805,2,22,16,0,0,2017,7
DEMO101023,1091228,120.348011,22.223518,2,19,16,0,1,2020,12
DEMO101024,1120626,120.855173,22.68117,2,27,16,0,2,2023,6
DEMO101025,1060304,120.882333,22.403058,2,28,14,0,0,2017,3
DEMO101026,1130101,120.444409,22.569242,2,27,7,0,0,2024,1
DEMO101027,1090401,120.455223,21.923306,2,27,17,0,1,2020,4
DEMO101028,1080526,120.656189,22.447077,2,13,13,0,0,2019,5
DEMO101029,1080406,120.370013,22.490401,2,22,17,0,2,2019,4
DEMO101030,1110401,120.401653,22.473139,2,23,14,0,3,2022,4
DEMO101031,1120803,120.697267,22.721339,2,20,5,0,1,2023,8
DEMO101032,1100127,120.329489,22.071956,2,27,13,0,1,2021,1
DEMO101033,1120315,120.81264,22.574099,2,28,16,0,0,2023,3
DEMO101034,1050817,120.657836,22.229425,2,27,13,0,1,2016,8
DEMO101035,1141011,120.622115,22.742913,2,27,8,0,2,2025,10
DEMO101036,1140913,120.321804,21.991663,2,20,5,0,0,2025,9
DEMO101037,1140819,120.367939,22.26573,2,20,8,0,0,2025,8
DEMO101038,1081012,120.715727,22.400284,2,22,14,0,3,2019,10
DEMO101039,1080113,120.868718,21.962374,2,24,14,0,2,2019,1
DEMO101040,1131028,120.753814,22.614721,2,20,6,0,2,2024,10
DEMO101041,1081210,120.711428,22.673082,2,22,14,0,1,2019,12
DEMO101042,1080924,120.443622,22.276172,2,25,14,0,1,2019,9
DEMO101043,1140511,120.64337,22.297668,2,13,5,0,0,2025,5
DEMO101044,1110524,120.4992,22.569998,2,13,17,0,1,2022,5
DEMO101045,1050814,120.447809,21.956928,2,22,17,0,3,2016,8
DEMO101046,1120626,120.616548,22.489892,2,12,14,0,2,2023,6
DEMO101047,1090126,120.523594,22.216539,2,27,14,0,1,2020,1
DEMO101048,1141215,120.781927,22.405689,2,25,6,0,3,2025,12
DEMO101049,1141002,120.642728,22.570858,2,18,5,0,1,2025,10
DEMO101050,1060101,120.460299,22.120086,2,28,13,0,3,2017,1
DEMO101051,1130922,120.794247,22.671326,2,24,6,0,3,2024,9
DEMO101052,1110516,120.832105,22.69997,2,20,13,0,0,2022,5
DEMO101053,1140608,120.629811,22.671988,2,18,5,0,2,2025,6
DEMO101054,1131024,120.396591,22.406848,2,24,8,0,0,2024,10
DEMO101055,1120216,120.758551,22.610977,2,14,13,0,0,2023,2
DEMO101056,1140110,120.560333,22.572837,2,14,5,0,0,2025,1
DEMO101057,1140609,120.351875,21.901286,2,24,7,0,1,2025,6
DEMO101058,1110209,120.337913,22.438369,2,28,17,0,2,2022,2
DEMO101059,1060926,120.612069,22.449659,2,23,14,0,3,2017,9
DEMO101060,1091204,120.329919,22.443064,2,14,14,0,1,2020,12
DEMO101061,1090210,120.38297,22.28351,2,19,14,0,3,2020,2
DEMO101062,1081023,120.864729,22.675692,2,12,13,0,0,2019,10
DEMO101063,1140620,120.363931,22.519522,2,12,5,0,2,2025,6
DEMO101064,1050102,120.647883,22.465077,2,14,13,0,3,2016,1
DEMO101065,1050910,120.500223,22.184822,2,19,17,0,2,2016,9
DEMO101066,1051120,120.586288,22.017793,2,18,17,0,1,2016,11
DEMO101067,1130309,120.589335,22.368291,2,27,6,0,1,2024,3
DEMO101068,1100202,120.418346,22.092184,2,28,14,1,3,2021,2
DEMO101069,1060512,120.861095,22.22699,2,14,17,0,2,2017,5
DEMO101070,1091120,120.84885,22.050255,2,25,17,0,1,2020,11
DEMO101071,1130310,120.569311,22.43911,2,18,7,0,3,2024,3
DEMO101072,1110119,120.661465,21.996522,2,27,13,0,0,2022,1
DEMO101073,1121107,120.435691,22.685547,2,25,6,0,3,2023,11
DEMO101074,1110902,120.646843,22.762181,2,14,14,0,2,2022,9
DEMO101075,1090602,120.470948,22.330455,2,20,17,0,3,2020,6
DEMO101076,1141205,120.305868,21.967611,2,18,5,0,1,2025,12
DEMO101077,1101213,120.38964,22.358987,2,24,13,0,1,2021,12
DEMO101078,1080217,120.366982,22.003863,2,25,14,0,1,2019,2
DEMO101079,1130308,120.677324,22.586563,2,28,8,0,0,2024,3
DEMO101080,1080114,120.526307,22.713002,2,28,16,1,2,2019,1
DEMO101081,1080321,120.52776,22.579554,2,18,16,0,3,2019,3
DEMO101082,1101216,120.403301,22.66546,2,28,17,0,0,2021,12
DEMO101083,1130412,120.718842,22.474326,2,20,5,0,2,2024,4
DEMO101084,1140324,120.567415,21.944415,2,28,7,0,1,2025,3
DEMO101085,1101009,120.62261,21.904241,2,12,13,0,1,2021,10
DEMO101086,1060111,120.355864,22.321328,2,18,17,0,3,2017,1
DEMO101087,1090111,120.618804,22.259748,2,27,13,0,1,2020,1
DEMO101088,1110113,120.548596,22.001147,2,25,14,0,1,2022,1
DEMO101089,1120922,120.561628,22.573805,2,24,8,0,3,2023,9
DEMO101090,1130302,120.621965,22.74134,2,24,6,0,2,2024,3
DEMO101091,1090725,120.394423,21.927961,2,18,17,0,0,2020,7
DEMO101092,1100306,120.857105,22.421763,2,24,14,0,1,2021,3
DEMO101093,1050715,120.32328,22.068095,2,12,13,0,2,2016,7
DEMO101094,1130815,120.801533,21.991149,2,18,7,0,0,2024,8
DEMO101095,1140907,120.414913,22.353837,2,19,6,0,0,2025,9
DEMO101096,1070417,120.744011,22.17876,2,14,14,0,3,2018,4
DEMO101097,1111112,120.670131,21.902621,2,14,14,0,1,2022,11
DEMO101098,1080409,120.567438,22.652507,2,13,13,1,3,2019,4
DEMO101099,1090425,120.65449,22.355196,2,24,17,0,1,2020,4
DEMO101100,1130320,120.312205,22.084668,2,24,8,0,0,2024,3
DEMO101101,1090903,120.590278,22.341404,2,13,16,0,1,2020,9
DEMO101102,1051026,120.865986,22.368207,2,28,13,0,0,2016,10
DEMO101103,1120715,120.532859,22.118064,2,25,7,0,0,2023,7
DEMO101104,1121223,120.883777,22.099306,2,12,8,0,2,2023,12
DEMO101105,1050126,120.305399,22.13203,2,18,13,0,3,2016,1
DEMO101106,1061219,120.654076,22.371739,2,20,17,0,0,2017,12
DEMO101107,1130428,120.376262,22.221051,2,19,5,0,1,2024,4
DEMO101108,1100717,120.305499,22.081259,2,28,14,1,1,2021,7
DEMO101109,1080726,120.446847,22.693337,2,22,13,0,0,2019,7
DEMO101110,1110318,120.414766,22.365406,2,23,16,0,2,2022,3
DEMO101111,1130710,120.643139,22.716717,2,23,5,0,3,2024,7
DEMO101112,1071026,120.759391,21.96282,2,24,14,0,2,2018,10
DEMO101113,1060718,120.632476,22.374433,2,22,14,0,1,2017,7
DEMO101114,1130907,120.37577,22.751199,2,12,5,0,2,2024,9
DEMO101115,1080225,120.675659,22.702081,2,19,16,0,3,2019,2
DEMO101116,1070128,120.468317,22.638422,2,14,16,0,2,2018,1
DEMO101117,1100409,120.742238,21.963091,2,13,13,0,2,2021,4
DEMO101118,1070927,120.815849,22.312428,2,28,13,0,0,2018,9
DEMO101119,1070321,120.513834,21.990853,2,28,16,0,1,2018,3
DEMO101120,1081017,120.545737,22.602076,2,18,17,0,2,2019,10
DEMO101121,1070225,120.601161,22.444564,2,14,13,0,1,2018,2
DEMO101122,1100116,120.831969,22.136733,2,19,16,0,3,2021,1
DEMO101123,1100219,120.681564,22.687489,2,20,17,0,0,2021,2
